target,"p, d, q",rmse,mape,prediction,ground_truth
value_5,"(2, 1, 2)",240.962275841699,0.783795624796168,30502.0360541583,30742.99833
tons_5,"(2, 1, 2)",134.41826793690052,1.2209817360598925,10874.613560063099,11009.031828
value_8,"(2, 1, 2)",1528.3440253082535,11.929124798863434,14340.214561308254,12811.870536
tons_8,"(2, 1, 2)",693.2756090066123,10.241881670678367,7462.301373006612,6769.025764
value_9,"(2, 1, 2)",105.6050265055901,6.909304036947043,1634.0516825055902,1528.446656
tons_9,"(2, 1, 2)",0.8095027221473146,1.6856244932415838,47.21440327785268,48.023906
value_21,"(2, 1, 2)",2785.0840798204445,3.8254926445144983,75588.36299382044,72803.278914
tons_21,"(2, 1, 2)",98.26086294006086,7.262259699033733,1254.7734130599392,1353.034276
