Target,"p, d, q",RMSE,MAPE (%),Prediction,Ground Truth
value_5,212,102.49910509119945,0.33699955668415926,30312.7056209088,30415.204726
tons_5,212,532.2464545261773,4.893914101038676,10343.433901473823,10875.680356
value_8,212,1814.4085328463225,13.687927622655934,15069.947156846323,13255.538624
tons_8,212,357.94866529124283,5.111045441704171,7361.382099291242,7003.433434
value_9,212,124.45860991863765,7.558308817653351,1771.1048759186376,1646.646266
tons_9,212,7.166544447217788,13.85167343029861,58.90429644721779,51.737752
value_21,212,3440.6823502295592,4.911954251991895,66606.43481977044,70047.11717
tons_21,212,62.96850450016791,4.836990739036587,1238.8430534998322,1301.811558
