target,"p, d, q",rmse,mape
value_5,212,102.49910509119945,0.33699955668415926
tons_5,212,532.2464545261773,4.893914101038676
value_8,212,1814.4085328463225,13.687927622655934
tons_8,212,357.94866529124283,5.111045441704171
value_9,212,124.45860991863765,7.558308817653351
tons_9,212,7.166544447217788,13.85167343029861
value_21,212,3440.6823502295592,4.911954251991895
tons_21,212,62.96850450016791,4.836990739036587
